Posting,Kategori
Nyuruh Orang Ngrewrite Hasil Kerja Sendiri Keren Guys,Opini dan Diskusi
Awal tahun depan ada rencana dengan teman2 di Bandung untuk buat komunitas Software Architecture,Opini dan Diskusi
Dilema kalo bikin app gak pernah error. Dikira gak kerja. Mungkin kita harus sering2 bikin error,Share Knowledge
Debugger Architect Kerjanya nge debug error di coding orang,Share Knowledge
Release note saat kalian tau ada bug tp terlanjur rilis : Add new bug to be fixed later,Experiment
KUBERNETES Karena banyak yang minta bikin seri kubernetes kayaknya mulai minggu depan saya akan coba mulai seri kubernetes di channel saya,Share Knowledge
Wah banyak lowongan Arsitek buat di Indo dari Amazon kapan ya dari Google,Opini dan Diskusi
"Hasil diskusi di grup gosip hari ini ""Magabut adalah tanda bahwa kerjaan deliver lebih cepat dari estimasi"",Opini dan Diskusi"
Rewrite itu kadang lebih mudah dibanding improve legacy app,Experiment
Kerja Kok di Kantor?,Opini dan Diskusi
Sharing Knowledge IT Architecture di Bank BCA. Diskusi tentang BCA Architecture VS Blibli Architecture Sesama sodara se-bapak jangan saling sikut ,Share Knowledge
Gladi resik untuk speak di tech event. Sudah saatnya kita encourage generasi2 penerus untuk grow. Biar kita yg kerja di belakang layar,Komunitas
inspirasi today. sepertinya menarik workshop tech dgn format trainer as coach aja peserta yang diskusi dan kolaborasi mandiri,Opini dan Diskusi
Memulai itu gampang. Konsisten itu sulit,Opini dan Diskusi
Thanks untuk JVM Developer ID dan DANA sebagai penyelenggara dan host acara JVM Meetup 24 dengan tema Design Patterns. Dan terima kasih teman-teman yang sudah datang dan maaf jika ada yang terkecoh dengan judul materi yang clickbait,Mentoring
Ngobrol sama salah satu founder startup. Kaget ketika tau umur gw berapa. Cemana donk udah nasib awet muda,Opini dan Diskusi
JVM MEETUP Posternya udah rilis. Silahkan yg tertarik monggo daftar dan join,Promosi
Jika tidak ada halangan minggu depan saya akan sharing soal DESIGN PATTERNS di JVM Meetup. Membahas tentang design patterns dan best practice di Spring Framework,Mentoring
Saya lagi butuh frontend backend dan devops engineer di Nawatech. Lokasi kantor di Bintaro. Open untuk posisi junior atau senior bahasa pemrograman tidak ada batasan karena nanti akan ngikut sesuai project yang harus dikerjakan,Promosi
real programmer test in production,Experiment
ALL HAIL JAVASCRIPT!,Opini dan Diskusi
halo guys numpang posting...syaratnya sederhana lolos interview,Promosi
Sekarang udah gak zaman bikin error page yang basi sekarang semua tech company berlomba2 bikin error page yang menarik,Share Knowledge
Banyak yang gak suka pake Java karena katanya boros memory. Mereka tidak sadar kalo sekarang buka chrome bahkan butuh GPU wkwkwkw. All hail google chrome!!!,Share Knowledge
Guys kl kerja cuma 3 bulan pindah mending jangan dipajang di LinkedIn. Malu. Tar disangka probation gak lulus lagi,Opini dan Diskusi
Di seri video belajar kali ini saya share tentang Lambda Expression di Java. Fitur ini memang agak sedikit telat masuk ke bahasa pemrograman Java dimana di bahasa lain lambda expression sudah ada sejak dulu,Update Dunia Teknologi
Jadi tadinya coba trial untuk LINKEDIN LEARNING 1 bulan trus secara otomatis diperpanjang monthly (bayar bulanan). Tiba2 dapat email kalo pembayaran bulanan gagal padahal di CC jenius ada saldo 800rb. Agak aneh apa karena lagi error jenius-nya akhirnya coba ganti pake CC BCA. Sukses. Oke sip,Experiment
pengalaman kerja sama bule code kita bagus di apresiasi jelek di komentari. kl kita bagus gak dikomen jelek di caci maki,Experiment
`Data is the new oil` kata Pak #Netflix dalam film The Great Hack,Share Knowledge
ada yg tiap hari sibuk mikir bikin karya ada yg tiap hari sibuk mikir mo nyinyirin apa,Opini dan Diskusi
Tahukah kalian saat ini lagi ada tool message broker atau streaming platform yang lagi hits banget? Namanya adalah Apache Kafka,Update Dunia Teknologi
SPRING BOOT & MONGODB anak ini  I Wayan Vendy Wiranatha dulu saya yang interview masuk Blibli.com mungkin sekitar 2 tahun lalu (agak lupa tepatnya),Update Dunia Teknologi
Agak sedikit kecewa ketika ngobrol dengan Senior Engineer tapi ternyata tidak tau apa itu database transactional bahkan belum pernah menggunakannya. Padahal ini adalah salah satu fitur database yang sangat berguna,Opini dan Dikusi
SOFTWARE ARCHITECTURE CONFERENCE Akhirnya ada versi foto yang kualitasnya bagus,Komunitas
Rencananya nanti saya juga akan coba bikin materi courses nya untuk Monolith to Event-Driven Microservice si youtube channel,Share Knowledge
"Saya tidak tahu saya coba riset dulu untuk hal ini"" adalah jawaban yang bagus dibanding sok tahu menjawab,Opini dan Diskusi"
mau ngantor dapat email kalo inet kantor lagi problem ya sudah remote aja kerjanya,Opini dan Diskusi
KARENA YOUTUBE UDAH TERLALU MAINSTREAM Mungkin sudah saatnya kita nyari platform video streaming yang lain biar terjangkau oleh lebih banyak pengguna,Opini dan Diskusi
Mana yang teman2 pilih? 1. Offline Training 2. Online Training And why?,Opini dan Diskusi
zaman sekarang semua serba subscription,Share Knowledge
"kata mentor saya zaman sekarang itu ""Pasang chatbot langsung dicap AI"",Share Knowledge"
Apple software update udah download 2gb inet putus ngulang lagi donk,Experiment
CODING DI LAYAR GEDE EMANG ENAK,Experiment
Apakah anak kelas 1 SD udah bisa diajarin coding? Ada yang punya pengalaman?,Opini dan Diskusi
Oke jadi sekarang ada title baru awesome programmer dan 5 star programmer,Opini dan Diskusi
Sepertinya bakal banyak yg resign dari startup sebelah setelah perubahan besar2an,Opini dan Diskusi
Buat yg kemaren gak sempet datang ke acara JVM MEETUP 19 di DOKU. Videonya udah dipublish silahkan tonton dan semoga berguna materinya,Komunitas
Walaupun tadi lebih banyak ngelawaknya dibanding bawa materi REFACTORING nya. Tapi mudah2an bermanfaat buat teman2 yang sudah datang. Intinya ingat kalo gak bisa di refactor di rewrite aja,Mentoring
Resiko jadi pembicara cadangan gara2 pembicara utama gak jadi manggung akhirnya jadi harus manggung sebagai cadangan. Minggu depan acaranya tanggal 26 Juni membahas tentang CODE REFACTORING. Yang tetarik silahkan datang ke acaranya,Mentoring
Saya akan menjadi salah satu intruktur di workshop software architecture conference tahun ini,Mentoring
nama jadulnya webview nama kekiniannya super app,Share Knowledge
saat perusahaan terlalu mengandalkan figure seseorang saat figure tersebut cabut yang lain ikut cabut semua,Opini dan Diskusi
Hi guys kali ini saya sharing tentang materi belajar #Elasticsearch targetnya buat pemula jadi bahas dasar-dasarnya. Harapannya setelah belajar ini bisa gampang belajar materi yang lebih dalam secara mandiri,Share Knowledge
Iseng ngajuin lisensi free license untuk channel yutube ternyata di approve. Padahal bukan opensource project,Experiment
Akhirnya setelah pending 2 bulan karena sibuk mencari sebongkah berlian. Selesai juga seri belajar #docker buat pemula. Yang tertarik belajar silahkan lihat di link dibawah,Share Knowledge
Udah kayak DevOps sekarang tiap hari coding Jenkinsfile sama Dockerfile,Update Dunia Teknologi
Lulus kuliah bingung mo kerja? Karena gak punya pengalaman juga. Well mending ikut program Blibli Future Program. Program selama 15 tahun untuk mahasiswa biar bisa dapat pengalaman langsung dari para engineer2 di Blibli. Kalo lulus udah pasti dijamin kerja di Blibli.,Promosi
"Sepertinya menarik bikin Vlog tentang ""Interview Question"",Opini dan Diskusi"
Akhir2 ini beberapa project di kantor mulai di pindahin ke github. Akhirnya sekarang bisa sedikit ijo di profile github nya.,Experiment
Sehari gak sempet code review coba liat ada berapa PR yang harus saya review. Liat berapa banyak tab di chrome saya,Experiment
Sebagai senior engineer berarti gaji saya kekecilan. Harusnya sebulan 264 jt,Opini dan Diskusi
Bulan ini sudah resmi saya sebagai professional PHP Engineer. Setelah sebelumnya hanya pake PHP cuma buat wordpress,Portfolio
Ini sebenarnya artikel lama tapi baru sempat di publish karena WhatsApp API nya baru-baru ini rilis nya sedangkan kita sudah pake sejak versi alpha,Share Knowledge
Udah pada tau belum? Kalo Google One udah bisa dipake di Indonesia. Ini sebenernya versi google premium dimana kita punya kapasitas media penyimpanan lebih besar dengan harga lebih murah,Update Dunia Teknologi
WE ARE HIRING PHP ENGINEER Tahukan kalian kalo sekarang GARASI.ID sudah menjadi bagian dari perusahaan BLIBLI.COM? Dan ya kita lagi hiring banyak engineer frontend (JavaScript) dan backend (PHP),Promosi
#fireAndForget biasa kita lakuin di backend. Gimana kalo ini dilakuin di frontend? Hmm,Opini dan Diskusi
I never test my code but when I test I test it on production,Experiment
Yg tertarik belajar docker pantengin terus channel seminggu ini sudah dijadwalkan materi2 seputar docker yg di publish 2x sehari tiap jam 8 pagi dan jam 2 sore,Promosi
Sebelumnya saya pernah sentuh dikit soal Caching di vlog tentang Application Scaling dan Database Scaling,Share Knowledge
Next #MiniSeries Vlog : #Docker untuk Pemula,Update Dunia Teknologi
Minggu depan tanggal 20 Desember 2018 saya akan berbagi tentang #elasticsearch di JVM Meetup 15. Yang tertarik silahkan ikut di acaranya,Mentoring
Sambil belajar python sekalian di dokumentasiin sebagai screencast biar bermanfaat buat yg lain. Baru bikin 12 video pekiraan Python untuk Pemula sekitar 40 video,Experiment
WAHAI BACKEND DEVELOPER! Apakah kalian tertarik pake KOTLIN di backend?,Opini dan Diskusi
setelah sebelumnya saya bahas tentang DATABASE SCALING. Di VLOG kali ini saya bahas tentang APPLICATION SCALING,Share Knowledge
Mulai nyatet semua hal-hal menarik yang ditemui di kerjaan sehari-hari. Publication ini tidak dirawat secara profesional jadi isi tulisannya gak baku lebih ke slengehan,Experiment
Kemarin saya menjadi salah satu pemateri di acara Apache Kafka yang digelar oleh Confluent,Mentoring
yii 3.0 wajib running di php 7.4 dan ini diinstall di centos 8.0,Experiment
Udah pernah kerja di beberapa perusahaan  perusahaan kali ini koordinasi kerjanya banyak Ama cewek2.. cewek cerewet  pendiam tekun kurang kasih sayang kelebihan kasih sayanganeka ragam sifat ada..,Experiment
Tak terasa dah 5 bulan pake AWS cloud. Nggak pernah bikin tiket (gak pede ama inggrisnya juga). Lagian apanya yang mau dikomplen? wong lancar kenceng bagus stabil banyak mainan..,Experiment
proyek iseng menjelang akhir tahun ...dashboard adminlte3 on yii2,Portfolio
There is no progress without compromise No victory without sacrifice,Opini dan Diskusi
Lenovo + Microsoft + TechInAsia..Motivasinya tambah ilmu klu ikut acara yang makan2nya enak gini…,Komunitas
Nextdev Summit telkomsel JCC Senayan.. meriah banyak booth liat orang2 penting di dunia teknologi Indonesia..,Komunitas
gini ternyata tampangnya kibana di elasticssearch cloud (elastic.co) Visualization keren buat mereka yang minat di Data science/analytics..,Experiment
Pake yang lain bisa (dan bisa dipelajari) tapi pilihan pertama selalu Centos utk OS PHP utk Programming Postgresql utk DB Yii utk Framework AWS utk Cloud Rupiah utk Salary,Experiment
Lagi butuh web programmer baru di kantor ...,Promosi
Think Big brother!!! Minimal lakukan persiapan2 sebelum bisnis jadi besar.,Opini dan Diskusi
menaklukkan CloudWatch AWS..,Experiment
integrasi log Yii Framework dengan CloudWatch AWS..integrasi log Yii Framework dengan CloudWatch AWS..,Experiment
Kubernetes Work on AWS EKS/ECR Perasaan cuma copas2 doang.. tapi bikin air mata menetes,Experiment
Konon katanya Yii3 cocok untuk microservices dan cocok dideploy di kubernetes,Opini dan Diskusi
Full Stack Developer doing Full Stack Architecture with Self Manage Service but Shared Profit,Opini dan Diskusi
fleksible-work-hour artinya punya waktu bebas utk mengerjakan hal lain yang sama produktifnya bukan malah makin konsumtif yah..,Opini dan Diskusi
mongo atlas ( https://cloud.mongodb.com/ ) punya fitur generate chart gratis..,Share Knowledge
sapa tau ada yang minat mau coba..free tier serverless mongodb https://cloud.mongodb.com,Share Knowledge
 Org IT itu lbh susah cari perusahaan yg cocok di hati atau pasangan hidup yg cocok di hati?,Opini dan Diskusi
udah waktunya kayaknya belajar python,Update Dunia Teknologi
Thx Google Indonesia. Dapat kesempatan Belajar Core Fundamental GCP. namanya belajar yah belajar semuanya,Komunitas
Check in here this morning..Google Indonesia Office Workshop Cloud.. biar pinter…,Komunitas
Keseruan di event Developer Circle For Facebook Bersama para developer-developer hebat Indonesia,Komunitas
Facebook Developer Circle .....Menyaring mentoring dengan mentee programmer,Komunitas
3 jenis aplikasi di dunia: #1. Memperbesar Omzet #2. Mengefisienkan Cost #3. Atau gabungan keduanya,Opini dan Diskusi
Apapun TOOLS yg dipake/ dikombinasikan sejatinya utk memudahkan pekerjaan.Kalau malah cuma bikin ribet namanya TOLOS,Opini dan Diskusi
Bahas program Mentoring kolaborasi tingkat tinggi: PHPID x DevC x FemaleGeek,Komunitas
Di komunitas gak ada pembeda bernama CTO manager employee ato masih mahasiswa. Yang ada adalah om kk dan adek,Komunitas
Oleh-oleh Meet-Up PHPID - EWS semalam jadi penasaran dengan makhluk EWS walau sudah pernah denger dan kenal sekian tahun yang lalu,Komunitas
AWS popup loft and PHP Indonesia So great to be here ..,Komunitas
Hadir di pembukaan AWS PopUpLoft Jakarta bersama best sohib,Komunitas
Belajar..... belajar. .... belajar....... Pasti ada hal baru yang didapat.,Experiment
daripada ngikutin sequel-nya Joker ... mendingan ikutan upgradenya centOS...,Opini dan Diskusi
"Pada akhirnya semua perusahaan teknologi ""Go to Cloud"",Opini dan Diskusi"
Redhat Forum @shangrila Hotel,Komunitas
Yahhhh... Win10.. udah 2 jam ora kelar2..Ada teman yg juga lg ngupdate lama bener?,Experiment
Simple Email Service AWS punya fitur GRATIS kirim 50k email per hari..cocok buat anda yang punya fitur Marketing Email Broadcast,Share Knowledge
SOFTWARE ENGINEER pd dsrnya adlh profesi PENELITI. Mengerjakan pekerjaan yg sama bertahun2 dgn tools dan tehnik yg terus menerus diperbaharui,Share Knowledge
Dulu sy heran kenapa Cloud provider jual service dr bulanan ke per-jam skr malah per-detik. Alasannya ternyata karena begitu dinamisnya industri IT dimana Riset dan Pengembangan menjadi urat nadi maka create dan destroy service bisa terjadi kapan saja,Share Knowledge
Kalau IT ibarat otomotif Semua engineer ngomongin teknologi Formula One Mobil Sport super kenceng aerodinamis down force speed 100m pertama padahal mobil yg paling banyak dan laku di dunia adalah mobil keluarga,Share Knowledge
mainan baru ujicoba LoadBalance + WAF .. berhasilnya cuman di domain testing..,Experiment
Hare gene alert sistem ke email males dah buka2nya.. googling ... sudah kuduga ada yang bikin notif ke telegram..,Experiment
Sejatinya presentasi ini dipake utk keperluan lain di GCS kemaren.. Tapi memberi sy ide untuk menggambarkan sebetulnya ada 4 jenis Software Engineer berdasarkan interest mereka.,Share Knowledge
Insight apa yang saya dapat setelah ikut Google Cloud Summit kemaren?,Komunitas
Google Cloud Summit,Komunitas
practise makes perfect,Opini dan Diskusi
"Rasa2nya ada kenikmatan devops yg hilang ketika pake ""serverless"",Update Dunia Teknologi"
ternyata proses 'hijrah' cloud ini makan waktu juga.. bukan soal gak bisa langsung tapi operasional gak boleh terganggu.. itu yang bikin ruwet,Experiment
2 tahun lalu ketika saya baru mengenal Yii2. Selama itu aku belajar agar bia membuat sebuah aplikasi.,Experiment
Selamat datang era SERVERLESS Cukup beruntung karena masih mengalami era semua serba install server install aplikasirouting dan firewall.. sekarang semua serba Tools/Library as a Service,Update Dunia Teknologi
Begini nih yang bikin programmer panjang umur..,Opini dan Diskusi
"cukup challenging juga proses hijrah dari single server ke multi service ...no more ""Centos Web Panel"",Experiment"
Android Q akan dikasi nama Android 10.. dan selanjutnya pake Android 11 dst,Update Dunia Teknologi
Alhamdulillah.. terima kasih atas kepercayaan yang diberikan untuk sharing Laravel Web Programming @Dinas Kominfo Belitung Timur. Semoga membantu percepatan sistem pemerintahan berbasis elektronik (SPBE).,Mentoring
CLOUD - MOBILE - SOCIAL - AI this is our technology future guys..,Update Dunia Teknologi
"fitur standard cloud (ec-rds-mail-cache-queue-nosql) di awsgcp alia zure
kepo doang cara conf dan koneknya,Update Dunia Teknologi"
"2 hari ini riset create vm/web & RDS postgres di ali gcp aws azure
punya enak dan sebel-nya masing,Experiment"
di linkedin saya follow orang ini sebagai referensi pembelajaran Data Science..,Experiment
"Gak masalah produk IT yang kita buat JADUL GAK KEREN
Selama masih ada yang URUS itu JAUH lebih baik daripada produk KEREN tp gak ada lagi yang URUS,Opini dan Diskusi"
"Kalau mau tau Engineer favorit saya?
Ini orangnya om Petra Novandi Barus Tech Evangelist AWS Engineer praktisi clean code tokcer punya.. ketemu gak sengaja di mall,Share Knowledge"
"Topik ""Startup"" ""Technopreneur"" rada jarang didengar belakangan ini..
Bisa jadi:
#1. topiknya itu2 aja
#2. Sudah sadar,Opini dan Diskusi"
Developer yang pindah ke Dark Mode pasti telah dipengaruhi oleh The Dark Side of The Force,Experiment
"Produk Teknologi yang sukses itu adalah racikan kombinasi Natural Science (IPA) dan Applied Science
Aman sekaligus Nyaman
Fungsional sekaligus Indah
Spesifikasi Tinggi sekaligus Harga Tepat
Cepat sekaligus Safety
Canggih tapi mudah dipakai
Berkarya maksimal dengan pemahaman strategis..,Share Knowledge"
Membayangkan kerjaan engineer2 PLN jadi terbayang gimana kerjaannya engineer2 Cloud,Opini dan Diskusi
Domain .tech beli enggak beli enggak beli enggak mumpung promo,Opini dan Diskusi
Setelah nyimak podcast ini dapat perspektif baru terkait aplikasi lambat/performance-nya jelek/ga enak dipakai. Yang terekspose selama ini biasanya dari sisi public facing app : kalau web load-nya lama pengguna/calon pembeli/etc akan tutup tab dan buka tab baru buat akses web kompetitor kita kehilangan uang.,Attitude
2020 pengin bikin offline workshop,Komunitas
"Buku ""SQL Performance Explained"" sedang free.
Biasanya bottleneck aplikasi ada di database servernya bukan di bahasa atau framework yang dipakai.,Share Knowledge"
Berhenti jadi pekerja IT enaknya jadi apa?,Opini dan Diskusi
Paling enggak dapat email terima kasih dari Apple karena sudah mau apply dan apresiasi diri sendiri karena sudah berani,Experiment
"Pro tip :
Begitu selesai mengerjakan project/feature/and the like catatlah segera apa yang sudah kita kerjakan dan terutama janga lupa impact kerjaan kita apa utamanya yang sifatnya metric,Share Knowledge"
Cuma mau pamer karena data seperti ini tidak akan nge-convert orang jadi Rubyist. Kalau mau punya banyak kenalan Rubyist maennya di Twitter.,Share Knowledge
"Butuh validasi.
Apakah benar salah dua masalah utama kita di SDM teknologi adalah karena hal-hal ini?,Opini dan Diskusi"
"Penjelasan mudah seperti ini yang ""I wish I had when starting my career as software developer"".,Share Knowledge"
RubyConfID 2019,Komunitas
JSDAY Indonesia,Komunitas
Yuk saling sapa dan ngobrol di Jsday dan atau RubyConfId,Komunitas
"Benefitnya gilssssss
Cukup untuk membuat saya ingin balik jadi mahasiswa S1 dengan usia yang wajarnya mahasiswa S1 tapi dengan pengalaman dan knowledge yang sekarang,Share Knowledge"
"Ngoding CRUD standar request-response flow standar write and read database dll : bbboooooooriiiing
Sekalinya pakai rekursif di production : ddddeeeeewwwaaaaa i'm sooooo smarttttt,Experiment"
"How Netflix use Ruby on Rails
Bahas entity-repository-service sepertinya sudah basi kalau di Java yet di komunitas lain misalnya Ruby dan PHP malah baru mulai,Share Knowledge"
"""GitHub engineers sent over 100 pull requests to Rails 6.0 to improve documentation fix bugs add features and speed up performance"",Share Knowledge"
"Mari sama-sama didengarkan
One of my PROGRAMMING HERO,Share Knowledge"
"""Soal ngoding gelar sekolah tidak penting""
Bisa jadi penting kalau dibuat cerita seperti ini. Kalau dibalik ga akan seru.,Opini dan Diskusi"
Di YouTube ternyata banyak konten keren seperti ini. Bapaknya pernah kerja di AWS sekarang EM di Apple. Channel yang lain engineer di Uber dan satunya lagi di Zalando. Ketiganya sudah bisa ditebak Indian,Share Knowledge
"""Walking is a way to be more present ease anxiety spark creativity increase productivity and detox from digital overload"",Share Knowledge"
"That amount of money is amazing. Mungkin nanti ga hanya ""mau jadi youtuber"" tapi juga ""mau jadi (paid) open source developer"". The future is bright.,Opini dan Diskusi"
Resource bagus belajar microservice. Durasi videonya pendek cara menyampaikannya enak diikuti. Ada 2 materi inti. Yang pertama komunikasi antar service dan service discovery. Yang kedua fault tolerant membahas circuit breaker dan bulkhead pattern.,Share Knowledge
Event pertama di Thailand tapi speakernya banyak yang well known dan sponsornya gede-gede.,Komunitas
Nulis buku (in general bikin karya) enaknya diniati buat main-main.,Opini dan Diskusi
"No Code Conference
Pensiun pensiun,Opini dan Diskusi"
Kapan-kapan pengen nge-vlog juga jelasin hal-hal gaib seperti system design scaling dll yang level-nya intermediate-advance,Share Knowledge
Sampai ketemu di 2 International Conf di Jakarta,Komunitas
Setiap bikin satu episode screen cast saya usahakan selalu di bawah 10 menit.,Share Knowledge
"Siap terima murid lagi buat diracunin Ruby dan Ruby on Rails.
Bismillah batch 11 dibuka.
Sudah ada beberapa orang yang gabung. Yuk belajar bareng Ruby dan Ruby on Rails,Promosi"
Ada yang pernah kerja IT di perusahaan product based terus jadi ngerasa males/tidak minat kalau misal kerja di yang non product based?,Opini dan Diskusi
Seberapa penting sebenarnya competitive programming untuk programmer professional?,Opini dan Diskusi
Topik non teknis apa yang menurutmu menarik/ingin kamu simak di sebuah tech conference?,Opini dan Diskusi
Saya tinggalkan facebook sampai ada prestasi selanjutnya. Yang mau tetep keep in touch yuk follow twitter. Saya aktif di sana dan akan sering sharing,Opini dan Diskusi
"Bagian Violation dan Error Handling di artikel ini tidak jarang ""dilanggar"". Di Rails ada di Golang apalagi untuk urusan error handling-nya,Share Knowledge"
Ada yang pernah baper atau (agak) depresi karena code review?,Opini dan Diskusi
Setuju dengan si Paul atau Matthew? Kalau dari saya untuk berani take a risk safety net itu memang penting. Mimpi memang gratis tapi buat mewujudkannya enggak,Share Knowledge
Tips Tidur Awal Jangan buka YouTube malah melek. Bukanya Udemy 5 menit juga langsung ngantuk,Share Knowledge
I demand the book for RubyMine and GoLand,Opini dan Diskusi
"Side project/pet project tidak pernah selesai?
Online course tidak pernah tuntas dipelajari?
Mungkin bisa dibenahi dengan menamatkan game-game yang sudah dimainkan buat membangun mental finisher,Share Knowledge"
Ini menarik lagi belajar bikin interpreter ~= bikin bahasa pemrograman pakai Go.,Experiment
Menarik banget ini belajar internal Git dengan bikin Git pakai high level language di buku ini sepertinya pakai Ruby.,Experiment
Belajar bahasa baru framework baru dan beberapa teknologi seperti misalnya Elasticsearch bisa dilakukan sendiri ala self-study. Hal atau teknologi di IT apa yang hanya bisa dipelajari pas kerja (tergantung kondisi perusahaan)?,Experiment
[LOKER] React Developer,Promosi
Inilah daftar peseta Ajaro Coding Day Batch #3,Promosi
"Makin seru ....
Sesi cantik dengan mbak developer yang menarik.,Komunitas"
Pascal Indonesia Reborn,Komunitas
Ikuti Diklat Guru IT se Indonesia,Komunitas
Penasaran bagaimana om Windiarto aka Mas Elkhanza mengembangkan SIMRS Khanza sampai dipercaya dipakai oleh lebih dari 800 rumah sakit? Bagaimana monetizenya padahal SIMRS Khanza gratis?,Share Knowledge
Silahkan yang mau daftar Ajaro Coding Day Batch #2.,Promosi
Semangat belajar semangat berbagi,Share Knowledge
.NET 3.1 LTS release,Update Dunia Teknologi
Thank you Microsoft 11 years in a row,Experiment
"Hallo teman-teman Jogja
Merapat yuk di NOBAR Best of Build 2019 hari ini mulai pkl. 15.00 WIB di Sleman,Komunitas"
Bagi rekan-rekan yang ingin belajar tentang apa itu DevOps dan implementasinya menggunakan tools yang ada di layanan Microsoft Azure silahkan mendaftar untuk event berikut ini,Promosi
Bagi rekan2 yang pengen belajar tentang tools Machine Learning yang bisa diakses dari layanan Cloud silahkan unduh Buku Azure Machine Learning ini,Portfolio
"Selamat siang kawan-kawan developer Yogyakarta.
LINE Creativate 2018 Roadshow akan diselenggarakan di Kota Yogyakarta ,Komunitas"
thanks teman2 semua. terutama coder2 di seluruh indonesia.,Mentoring
remote working..,Experiment
URGENT. Butuh 5 orang dev fe. GAJI NEGO,Promosi
Loker #remote saya lagi butuh Front-end (React js / next js)level Middle / Senior,Promosi
Senang x sy bisa memperbaiki system dan ritme kerja agar lebih nyaman team dan lebih produktif bekerja.,Experiment
Lagi nyari 2 developer fe (Next Js + redux thunk ) 2 orang untuk pertengahan desember.,Promosi
pengalaman pertama jadi Lead 5 orang front-end dev dari beberapa negara dan daerah. Dan berhasil menyelesaikan problems yg berkarat selama ini…,Experiment
Ijazah s1 teknik informatika sekarang sudah bisa di kalahin sama account github dan skill.,Share Knowledge
Niat saya beneran tadinya buka usaha sampingan jualan selain kerja onsite di perusahaan singapore sebagai Full-stack Engineers. Trrnyata Allah kasih jalan yang lain selain kerja untuk mendapatkan modal.,Attitude
Lagi coding sambil dengar yasinan di masjid. Teduh.,Experiment
Pagi kerja onsite perushaaan sg malam nguli dengan time doctor nya di malaysia 😅 demi semua yg saya sayangi. Allah kasih tanggung jawab ke sy yg harus sy penuhi dng keahlian yg saya miliki.,Attitude
Kerjaan selain coding zaman sekolah tak pandai main gitar di bilang cupu,Opini dan Diskusi
baru pertama bantu sedikit kasih pencerahan untuk remote deskop teman yang saya didik yg lolos kerja kemarin,Experiment
alhamdulillah sudah 2 teman sy ajari fullstack javascript hanya hitungan bulan dan sekarang bisa menghidupi keluarganya dengan rate gaji di atas 7 jt perbulan tanpa saya minta uang sedikit pun,Experiment
Senang banget akhirnya berjumpa dan bisa sharing bagaimana kesempatan karir wanita di dunia IT dengan teman2 di Makassar.,Mentoring
"Pusing ngoding terus?
Istirahat dulu lahh sambil nonton rekomendasi anime yang cocok buat anak IT,Opini dan Diskusi"
Ada meetup keren nihhh jangan sampe lewat ,Promosi
"Ngalamin kesulitan waktu App Review Facebook? atau malah ditolak?
misal untuk Chat Bot atau app lainnya.
Atau ingin mengetahui bagaimana proses App Review?,Update Dunia Teknologi"
Thankies Balai Diklat Industri Denpasar untuk undangan workshopnya. Workshop pesertanya 50 orang capek tapi seneng karena pesertanya pada semangat ,Mentoring
Senengnya ketemu Nila lagi. Leads Facebook DevC Jakarta juga. Gak banyak wanita yang tetap mau mendedikasikan diri untuk bekerja setelah menikah.,Komunitas
7 tahun berkarir banyak cerita yang kualami bukan hanya cerita dari tempat kerja. Mulai dari mantan atasan super bossy yg ngancem supaya aku gak pindah kerja sampai cerita di komunitas bagaimana ada aja orang yang sampai sekarang masih suka nyinyir hehehe.,Experiment
boom belajar lagi,Experiment
dapet banyak insight dari sesi konsultasi 2 hari terakhir,Experiment
Kalau ada yang ikutan kegiatan komunitas terus tidak mau ikut ATURANNYA kira2 sanksi apa yg sebaiknya dilakukan? Karena akhir2 ini makin banyak yg semena2,Komunitas
Open consultation buat yg mau minta career advice feedback dll.,Share Knowledge
kesempatan baik jangan sampai dilewatkan,Opini dan Diskusi
temen2 apakah membaca dokumentasi sudah cukup sebagai cara belajar? cara belajar efektifmu gimana?,Opini dan Diskusi
Bicara di depan itu skill yang bisa dipelajari. Tapi yang namanya Introvert bakalan merasa energi habis ketika banyak menghabiskan waktu di depan public😞,Opini dan Diskusi
Thank you Microsoft APAC buat kesempatannya jadi mentor di AI for Accessibility Hackathon. Seneng banget bisa mentoring teman2 yg mau bikin solusi buat teman2 penyandang disabilitas dan menderita down syndrome,Komunitas
"Kesalahan umum manager #1 bawahan burn out dianggap low performer 🤔
Kesalahan Engineer #1 fokus ke keluhan mengenai tim tidak mencatat pencapaian yg sudah dilakukan
setuju?,Share Knowledge"
Kulgram is back😎 dengan topik yang sangat kontroversial “Lulus IT harus ngoding?” Apakah jawabannya?,Share Knowledge
Bingung arah karirmu nanti bagaimana? Atau perlu tips best practice dalam dunia Technology?,Opini dan Diskusi
Yuk bagi yang di Jakarta dan sekitarnya. Kali ini aku bakalan share bagi temen2 di Bekasi. Gak salah di posternya ada logo roket,Komunitas
banyak kali kita terlalu terpaku ke success story tanpa melihat besarnya perjuangan effort yang harus dilakukan bahkan kegagalan yang harus dilalui,Share Knowledge
Sampai jumpa besok di Jogja 🤗 yg mau ikutan masih bisa daftar,Promosi
Hari ini kesempatan terakhir kamu untuk join techtalk 3 e-commerce top di Indonesia! Acaranya free loh!,Promosi
Tahun ini Facebook kembali mengadakan Developer Community Challenge dengan total hadiah $165,000,Promosi
dalam penyelidikkan lebih lanjut mengapa Bukalapak milih Vue.JS ketimbang React,Opini dan Diskusi
"Alhamdulillah kegiatan FemaleGeek Makassar berjalan lancar.
Terimakasih untuk teman-teman FemaleGeek Makassar. ,Komunitas"
"Diskusi yuk...
Seberapa penting sih bagi teman-teman menjaga kesehatan jiwa teman-teman?,Opini dan Diskusi"
DevC Training Course,Komunitas
"Materi kulgram FemaleGeek minggu ini girls..
Kuy gabung telegram FemaleGeek…,Komunitas"
Mungkin teman-teman ada yang senang belajar atau membaca e-book. Kalian bisa download macam-macam e-book di link di bawah ini,Share Knowledge
Kemarin aku share info kepada teman-teman tentang botpress. Alhamdulillah aku sudah buat contoh chat bot sederhana yg dikembangkan menggunakan botpress. Meski baru memanfaatkan dialogflownya aja,Experiment
Buat teman-temen yang mau buat bot. Bisa coba botpress. Dia open source di-develop pake nodejs. Bisa nambah dan edit fungsinya dari GUI (Editor Studio) atau dari codingannya langsung. Dokumentasinya juga cukup bagus,Share Knowledge
"Pycon 2019 will be coming in Universitas Ciputra Surabaya...Jangan Lupa mampir di booth komunitas"" keren yaaaa,Promosi"
"""Machine Learning"" Bootcamp Eksklusif dari Google Januari 2020 mendatang Google akan menghadirkan Bangkit sebuah Bootcamp berdurasi 6 bulan untuk mencetak 300 developer Indonesia terdepan dengan keahlian Machine Learning terkini. FREE,Komunitas"
"Temen Non IT: Cuma ubah aplikasi dari web ke android. Gampang kan?
Me: be like,Experiment"
GDG Devfest is the biggest annual event of GDG Jogjakarta. GDG DevFest itself is an event for developers and tech-enthusiasts that is led by communities and experts,Komunitas
"Kapan lagi coba bisa di mentorin one on one sama mentor-mentor keren ini?
Gimana sih sistem mentoring one on one ini?,Mentoring"
bagi yg lagi belajar web/app dan butuh data dummy dari API bisa coba,Share Knowledge
materi yg cocok utk anak kuliahan yg baru belajar pemrograman,Share Knowledge
"Bismillah
Kami telah membuka Pendaftaran Santri Baru Pondok Informatika Muslimah.
Bagi muslimah yang ingin mendaftar silahkan melakukan proses registrasi,Promosi"
bagi yg suka buat package tapi belum tahu cara publish nya agar bisa dipakai banyak orang artikel ini cukup bagus,Share Knowledge
Kita punya santri di pondok informatika dia belum kuliah tapi sudah bisa node.js + express.js,Portfolio
Semakin berkembang pesat teknologi data justru semakin rentan utk diretas,Opini dan Diskusi
Mau jadi CEO biar bisa jadi menteri tanpa jalur partai,Opini dan Diskusi
"Tutorial: Docker for Pentesting.
Now available on my YouTube channel,Share Knowledge"
kalau ada mau coba terapkan Laravel Eloquent di Codeigniter boleh diintip repo ini,Share Knowledge
"puskomedia sedang proses persiapan server baru.. sekarang pakai SSD..
awal tahun besok sudah mulai bisa pindahan semuanya... klien yang lama juga akan mendapatkan server SSD..,Update Dunia Teknologi"
"Dear Teman Teman PHP
Saya ada kebutuhan seorang programmer backend buat integrasi basecamp3 api dan payment point,Promosi"
The skilll of next year..,Update Dunia Teknologi
"siap meluncur...
edisi perpustakaan digital marketing…,Experiment"
Butuh satu programmer yang bisa integrasi basecamp3 dan espay payment using PHP - CI,Promosi
"Kenapa
Steve Jobs gajiannya hanya 1$ per Tahun?,Opini dan Diskusi"
"saya mau sharing cara buat landing page pakai elementor pro video based dan ada group tanya jawab?
ada yang minat? komen ya,Share Knowledge"
 Mas masih suka coding?Masih. Cuman yang simple simple saja. 5-10 menit jadi,Experiment
"Mungkin dulu nggak diajari di kampus.
Time to learn it.. and apply in your life,Experiment"
Buat dokumentasi API,Experiment
"ketemu orang orang baru
buat dokumentasi software development,Experiment"
"ada tawaran ke saya minta dicarikan
* game designer (gamification point rewards system),Promosi"
"Ini saya koq tiba tiba dikasih rejeki ada teman minta dicarikan teman teman programmer untuk kerja di jakarta.
Kalau ada yang minat boleh ya..,Promosi"
"Kenapa phyton booming?
Karena bahasa phyton diterima sebagai solusi untuk menyelesaikan masalah dan mudah dipahami,Share Knowledge"
Distruption tidak hanya terjadi di bisnis phyton ternyata masuk ke level kemantangannya,Experiment
Saya lagi riset produk. Cari teman teman yang pakai layanan hosting,Experiment
Saya sedang buat app startup membantu teman teman yang sibuk buat baca buku,Experiment
"Ngomong Teknis terus
Kapan Mulai Bisnisnya ya?,Opini dan Diskusi"
tanya javascript yang cocok untuk bootstrap css apa ya? dibantu ya teman teman,Opini dan Diskusi
Gambar dibawah ini untuk startup dan merubah semua paradigama saya hari ini,Share Knowledge
Riset buat dynamic template based tools for wordpress,Experiment
"Lihat hubungan pendidikan dan tingkat pengeluaran
Kira kira kesimpulannya apa ya? Tingkat pendidikan berhubungan erat sama tingkat pengeluaran?,Opini dan Diskusi"
Berbahagialah yang bisa melanjutkan sekolah hingga SMA dan selanjutnya karena rerata penduduk indonesia hanya sampai smp kelas 2,Opini dan Diskusi
"Lagi ada project? Butuh Hosting Buat Demo? Cuman Seminggu? Bisa!
NIh BisaHosting ada paket mingguan cuman 10rb per minggu sudah dapat domain dot.com dan space 5G unlimited bandwidth,Promosi"
Cari web designer kerja remote. bisa per page bisa bulanan,Promosi
setiap hari ada pelajaran baru. that's life,Opini dan Diskusi
"Today I learned:
Day #11: Error handling on Golang. How to use built-in function and how to handle error with custom error Golang,Experiment"
Sudah sampai di sesi pointer method dan interface. Belajar secara intensif bahasa pemrograman Go,Experiment
Cool website theme integrated with Jekyll static site generator,Update Dunia Teknologi
"Hasil belajar kemarin lupa di-push hehehe
Lanjut lagi belajar Golang nya,Experiment"
"
Moneytor Apps — Money Monitoring
Moneytor Apps adalah web-based application serderhana untuk memonitoring keuangan baik uang masuk (income) atau uang keluar(spending) up to Rp999.999.999,Portfolio"
Berikut adalah Box Social Share Twitter sederhana dengan pemanfaatan API Twitter sehingga anda dapat dengan mudah menulis tweet dan membagikan artikel tanpa login via aplikasi twitter,Portfolio
Bekas project pakai CodeIgniter 3. Antara ingin pindahin ke CodeIgniter 4 atau ke Laravel 6.0 nanti saya push ke Github ini cuma mau dipamerin,Portfolio
"Cicacode x Women for Indonesia
Women for Indonesia — Diberdayakan untuk memberdayakan. Komunitas Women For Indonesia lahir sebagai bentuk kepedulian perempuan terhadap perempuan dan masyarakat,Komunitas"
No operating system skin pun jadi!,Experiment
"Saya jadikan project ini open-source ada gak kira-kira yang kontribusi? 😁
Sistem Informasi & Portal Akademik,Portfolio"
Saya ingin berbagi project open-source saya. 𝗔𝗽𝗹𝗶𝗸𝗮𝘀𝗶 𝘄𝗲𝗯 𝗼𝗻𝗹𝗶𝗻𝗲𝘀𝗵𝗼𝗽 𝗱𝗶𝗯𝘂𝗮𝘁 𝗱𝗲𝗻𝗴𝗮𝗻 𝗳𝗿𝗮𝗺𝗲𝘄𝗼𝗿𝗸 𝗖𝗼𝗱𝗲𝗜𝗴𝗻𝗶𝘁𝗲𝗿 𝘃𝟯 silahkan berkontribusi untuk mengembangkan aplikasi ini cocok untuk dikembangkan sebagai tugas akhir project,Portfolio
Sip nih! A Laravel 6 (LTS) Backend API starter project kit template/boilerplate,Update Dunia Teknologi
Cuma mau bilang gak usah kejar kali yang kuliah itu apalagi sampai double jurusan kayak gini capek! Cukup cari orang dalam it's solved all problem more than a skills and knowledge,Experiment
Express - NodeJs web application framework,Update Dunia Teknologi
Ketika Anda malas belajar maka para mesinlah yang akan mulai belajar,Opini dan Diskusi
Vue.Js 3: Future-Oriented Programming. How function-based API solves logic reusability problem,Share Knowledge
Bantu dong. Tren selama 2019 apa dan prediksi 2020 gimana kira-kira menurut teman-teman?,Update Dunia Teknologi
Deep JavaScript Theory and techniques Book,Update Dunia Teknologi
Kamu minder dengan kemampuan dewa para programmer? Kok bisa mereka seperti itu? Apa aku bisa juga seperti mereka? Kok kemampuanku belum ada apa-apanya?,Opini dan Diskusi
Penasaran gimana #ceritanyadeveloper asal Indonesia bisa menembus Google? Dengarkan episode spesial berikut yang langsung direkam dari kantor Google Cloud di Sunnyvale California bersama Mas Bramandia yang sudah 9 tahun bekerja di Google,Share Knowledge
Dapat kesempatan langka diundang ke #webunconfid2019. Event dua hari untuk para penggerak komunitas web se-Indonesia. Berbagi pengalaman dan memecahkan masalah bersama,Komunitas
Akhirnya kesampean juga ngulik developer yang satu ini untuk #ceritanyadeveloper #podcast. Ditunggu ya ceritanya Mas Irfan Maulana yang pastinya inspiratif!!,Share Knowledge
Baklava ini terkenal banget ya ternyata sampe mau jadi versi Android!,Experiment
"Yang penasaran pengen lihat proses pembuatan landing page ekosistemjs bisa saksikan video berikut.
Dibuat dengan @sveltejs dan sapper dan ini pengalaman pertama menggunakan keduanya,Share Knowledge"
Buat para web developer mohon bantuannya untuk mengisi survey tentang ekosistem JavaScript dong biar datanya semakin beragam,Update Dunia Teknologi
Ikut meramaikan #hacktoberfest teman-teman bisa meramaikan juga nih dengan issue yang gampang banget ini. Tujuan repo ini untuk mengumpulkan data para developer keren asal Indonesia yang dapat diundang ke acara komunitas dan konferensi sebagai pembicara atau narasumber agar mudah dicari dan ditemukan,Komunitas
Akhirnya mimpi itu terwujud setelah penantian yang cukup lama. JSDay Indonesia adalah salah satu bentuk usaha untuk mengajak developer lokal naik ke level berikutnya. Semoga semakin banyak lagi conference-conference yang diadakan di Indonesia,Komunitas
Mari menyambut hari JavaScript! Yuk siap-siap langsung berangkat,Update Dunia Teknologi
Build A Javascript OCR App Tutorial,Share Knowledge
"Mentoring Session #1 DevC
Kolaborasi bareng Facebook Developer Circle: Jakarta dan FemaleGeek.,Mentoring"
Setahun lalu ada seorang netizen bernama Rizky Ariestiyansyah mengajak saya submit talk di https://pycon.id. Saya menolak sambil bercanda menunggu undangan keynote saja. Mimpi apa malah 'kebagian' keynote di acara sendiri: JSDay. Netizen memang maha benar,Mentoring
Ini game dibuat pake React available di steam: https://thedangercrew.com. Dan buat yang penasaran gimana cara buatnya ada di podcast episode ini,Portfolio
Biasanya sebelum ngoding itu harus punya ide dulu mau bikin apa kan ya. Nah di acaranya DeepTech.id kali ini saya akan berbagi tentang bagaimana mencari ide dan memetakan apakah ide tersebut cukup bagus dan yang lebih penting lagi apakah ide tersebut akan menguntungkan atau tidak,Share Knowledge
How to build an Unsplash Search App with Svelte 3,Share Knowledge
Building Snake with react-native-game-engine,Share Knowledge
Yuk kita ramaikan Road to JSDay di kantor Microsoft. Para pembicaranya pun keren-keren. Ada update terkait acara JSDay juga nantinya. Langsung RSVP dan jangan lupa datang ya. Sampai jumpa!,Komunitas
"Ini salah satu contoh yang dihasilkan dari Build Day di Bali.
Suatu karya dengan menggunakan SparkAR dari Facebook,Portfolio"
Hari terakhir bulan Agustus DevC Jakarta ada acara keren nih. Namanya Build Day. Dan ini adalah tahun ketiga kita mengadakan Build Day. Acaranya ada dua bagian. Bagian pertama ada Tech Talk yang menghadirkan pembicara dari tiga ecommerce papan atas: Bukalapak Shopee dan Tokopedia!,Komunitas
Medan Tech Community Gathering 2019,Komunitas
Learn more about people connection community and personal branding,Komunitas
I need more tech community leaders from Medan,Komunitas
Satu kehormatan bisa berkontribusi berdiskusi langsung dengan puluhan community leader tech lead tech influencer content creator dari berbagai penjuru nusantara dan teman² dari google,Komunitas
Hari ini Community Leaders Tech Influencers Tech Leads dari berbagai penjuru nusantara berkumpul berbagi ilmu dan ngopi,Komunitas
Gabung topcoder sekarang juga banyak newbie program yang mengasyikkan di bulan Desember nanti,Promosi
"Baiklah para kawula muda
Mari kita mulai pertualangan ini,Opini dan Diskusi"
Semoga dengan Nadiem Kariem sebagai Mentri Pendidikan & Kebudayaan Edutech Indonesia semakin maju,Opini dan Diskusi
Pelatihan pembuatan Media Pembelajaran Berbasis Android Menggunakan PowerPoint,Mentoring
Memberikan training tentang Azure di Dinas Komunikasi dan Informatika Kabupaten Banyumas. 16-17 Desember 2019,Mentoring
"Global Azure Bootcamp Indonesia Purwokerto.
Terima kasih kepada temen2 Mugi Purwokerto dan SMK Kesatrian,Komunitas"
Sosialisasi penggunaan Sistem Informasi Pantau Debit Air (Sipanda) Kab. Pemalang. Baru kali ini peserta pelatihan Bapak2 semua,Share Knowledge
"Pitching Investor startup Sakti Builder 22 November 2019. Yogyakarta.
Saat presentasi dihadiri juga ""CEO sesungguhnya"",Portfolio"
"Sudah daftar?
Ayok kepoin .NET Conference dengan pembicara dan topik yang di kemas menarik buat semua orang yg suka Big Data Analitic DevOps Machine Learning AI Dan Management,Update Dunia Teknologi"
Digedung ini nanti akan diadakan dot NET Conference Indonesia 2019. Dengan pembicara para master .NET. jangan lupa tanggal 26 Oktober 2019 pukul 08.30 sampai 15.30 di gedung lab terpadu lantai 6 FEB Unsoed,Share Knowledge
Acara yang saya tunggu2 nih. Para master .NET ngumpul di kota Purwokerto. Saya beruntung sekali bisa satu panggung dengan Beliau2 semua,Mentoring
Start-up Sakti Builder adalah salah satu Start-up yang diundang dari ratusan start up di seluruh Indonesia dalam Pemeran Start up Teknologi dan Inovasi anak negeri,Portfolio
Workshop dengan peserta terbanyak yang pernah kami lakukan. Peserta berjumlah 200 orang dan semuanya membawa laptop dan langsung praktek.,Mentoring
Seperti apa best practices yang diterapkan oleh engineering team di startup modern seperti Segment Intercom Reddit dkk? Di tulisan kali ini saya meliput sesi menarik di re:Invent 2019 lalu yang membahas tentang topik ini.,Share Knowledge
Last day meetup at Singapore,Komunitas
Teman-teman yang baru mulai bikin startup kalau tertarik dengan dukungan teknis serta cloud credit bisa kontak-kontak saya. Saya sedang kerjasama dengan AWS sebagai AWS Startup Scout untuk mendukung early stage startup,Share Knowledge
"Akibat ditodong malam sebelumnya 🤣
Bisa sepanggung sama Gubernur padahal da aku mah apa atuh,Opini dan Diskusi"
Selamat Purnabakti di ITB Bu Inggriani Liem. Terima kasih atas pendidikannya selama ini,Attitude
Tadi di Starbucks lagi sketching di meja sebelah ada orang2 IT ngobrol soal rahasia perusahaannya dgn volume agak kenceng. Terus gw buka laptop buka terminal. Habis itu mereka ngobrolnya bisik-bisik,Experiment
Happy programmer's day,Komunitas
AWS DevDay Jakarta,Komunitas
Nge-Linux lagi bosen under Mac,Experiment
Jika begini caranya.semakin semangat belajar Flutter!,Update Dunia Teknologi
Mulai sering over heat ketika running yang agak berat saatnya sirkulasi dibersihkan,Experiments
Finalisasi Mobile App. Ketemuan itu lebih efisien jika diskusi sulit dijelaskan oleh text,Opini dan Diskusi
"Mau test hit endpoint malah mati servernya
Piye jal,Experiment"
"Untuk hasil maksimal style (CSS) seharusnya di-load duluan selanjutnya proses data (API)
- NextJS,Experiment"
Bakalan ada blokir internet nasional ??? ,Opini dan Diskusi
Lanjut ya mini serial OOP nya... kalo kamu pikir serial ini bermanfaat bantu share ya,Portfolio
Ketemu anak muda ganteng kuliah di UI adab-nya bagus. Bersalaman sembari sedikit membungkuk.,Opini dan Diskusi
jaman akan selalu berubah mengalirlah seperti air terus belajar atau tertinggal,Opini dan Diskusi
Symfony + React.JS kawin dalam satu rumah,Update Dunia Teknologi
hanya api-platform (so far) saingan yang terdekat apigility,Update Dunia Teknologi
Component lintas Framework pantes mumet,Experiment
Dengerin bagaimana system orang lain nanti Kita Cari jalan bagaimana system kita bisa salaman,Opini dan Diskusi
Media social power effect,Share Knowledge
Mobile Apps on going.. (Dev). Use Java Android Native,Update Dunia Teknologi
Bikin Dashboard App jika sudah mengerti API + socket berasa gampang ajah gituh,Experiment
Baru paham sekarang kenapa FoxPro heboh. Sedih.. kenapa dahulu gak fokus belajar foxPro,Experiment
Ketemu dan berurusan juga dengan si-hooks ini,Experiment
Buat para pemakai momentJS *termasuk saya,Update Dunia Teknologi
system penggajian menggunakan database yang ada .. bagian terkait tinggal KLIK,Portfolio
Mengolah sekumpulan data dari waktu-kewaktu menjadi tampilan grafis membutuhkan perjuangan tersendiri,Experiment
Server composer yang bolot atau koneksi yang lemot?,Experiment
Kata Bill Gates salah satu alasan memperkerjakan orang pintar yang pemalas adalah karena mereka bisa menyelesaikan pekerjaan yang sulit dengan cara yang termudah,Opini dan Diskusi
"Mayan juga di VM install cukup Alpine buat install Docker dan Compose
Jadi ga over kill ketimbang install Ubuntu Server atau Centos
Toh butuhnya cuma biar bisa jalanin Docker Compose aja,Experiment"
"Cukup gambar yang berbicara ini adalah travis build dari SemartSkeleton
Lihat lompatan dari PHP 7.2 ke 7.4 jadi pengen upgrade punya client coz server client masih PHP 7.2,Share Knowledge"
"PHP 7.4 37% lebih cepat dari 7.3 dengan 100 konkuren user
Ga tertarik nih upgrade?,Update Dunia Teknologi"
PHP 7.4 baru aja rilis Symfony udah manfaatin fitur utamanya dong,Update Dunia Teknologi
"Alhamdulillah software Sufi (Surya Finance) sudah bisa ""bicara"" banyak,Portfolio"
Persiapkan diri anda karna kompetisi akan semakin berat kedepan,Opini dan Diskusi
Karena milenial itu tak hanya butuh makan dan internet mereka juga butuh selfie hehehe,Opini dan Diskusi
Video pertama saya di Youtube. Jangan lupa disubscribe ya kawan-kawan. Kalau banyak yang nonton dan subscribe nanti saya lanjutin bincang-bincang produktifnya dengan tokoh yang lain hahaha....,Promosi
Yang lagi belajar coding bisa baca artikel ini,Share Knowledge
Tampilan gmail kok kayak gini ya??,Opini dan Diskusi
Setelah seharian utak-atik JS+AJAX alhamdulillah sudah bisa bikin modul kirim WA via inject MySQL tanpa layanan API berbayar,Experiment
Contoh Simple CRUD dengan Java SE + MySQL. Silakan dipakai untuk belajar atau ngajar kuliah,Share Knowledge
Semoga trik di artikel ini bisa membantu masalah OpenSSL Error ketika parsing XML menggunakan simplexml_load_file() di PHP,Share Knowledge
Tip sederhana ini barangkali bisa membantu memudahkan programmer melakukan formatting tanggal di PHP pada data datetime yg diambil dari MySQL,Share Knowledge
Alhamdulillah integrasi SI TA dg SMS API unt auto reminder jdwl penguji TA Done!. Jd mhs tak perlu lagi mengingatkan dosennya ,Experiment
Sebagian kunci jawaban project latihan dari buku ini (hanya soal nomor ganjil) sy upload ke Github (terus diupdate). Soal bernomor genap sengaja untuk latihan mandiri para pembaca,Share Knowledge
Artikel ini dapat menjadi petunjuk untuk mengerjakan project latihan di Chapter 5 soal no 7 dan 8 di buku saya,Share Knowledge
Upaya Google Indonesia unt mencetak para Data Scientist Indonesia..,Share Knowledge
"Perbandingan performa Laravel vs CI.
Manakah yg lebih baik?,Opini dan Diskusi"
"Alhamdulillaah sdh dirilis..
Bukan masterpiece bahkan jauh unt disebut sbg masterpiece... tp tulisan ini semoga bs memberikan manfaat..,Portfolio"
Penting diketahui bagi UI/UX designer…,Share Knowledge
"Tiga software yang dulu pernah berjaya di masanya sebelum dominasi MS. Office.
Siapa yang dulu pernah pakai ini pasti sekarang usianya dah sepuh,Experiment"
Melalui event seperti inilah ide2 brilian serta inovatif dapat muncul dan melahirkan kolaborasi yang baik antar disiplin ilmu yaitu bidang IT dan K3,Komunitas
Dampak Whatsapp diakuisisi sama FB baru kmrn ngobrolin tentang Drip Coffee sama teman di WA eh.. dah muncul iklan Drip Coffee di FB,Share Knowledge 
"Mayoritas pengunjungnya cowok... apakah cewek scr umum cenderung tidak suka programming?
Jika ya.. maka ini tantangan bagaimana memilih model/pendekatan dalam pembelajaran programming spy cewek suka dg programming,Opini dan Diskusi"
"Kemarin menyiapkan online course untuk ""Structured Programming"" sekarang menyiapkan untuk ""PBO"",Update Dunia Teknologi"
"""Structured Programming"" online course,Share Knowledge"
Bingung membuat dashboard data analytics reporting? Bs dicoba 'Google Data Studio',Share Knowledge
Makanya move on ke Python spy gak bingung tentang semicolon ,Update Dunia Teknologi
"Yang ruwet aja bingung cari duit tambahan
nih kamu main di sini lho.
Masukin profilmu jelaskan apa yang bisa kamu support.
superprof.co.id
Cobain ya semoga sukses,Promosi"
Kuliah online 1 semester terbuka untuk umum. Belajar menjadi Full Stack Developer.,Promosi
Replace a rebuild-on-every-change build step (Webpack Parcel etc.) with a run-once install step (Snowpack) to get a faster dev environment with less tooling complexity,Experiment
"sewakargo.com salah satu PBN Waresix.
Menarik juga ya.
Kapan-kapan bisa dikupas lebih lanjut nih bagaimana sisi digital marketing teman-teman startup Digital,Opini dan Diskusi"
Ngblog lagiiii,Share Knowledge
Kenapa harus tokoh ini yang menyimpulkan  dan sebelumnya tidak memiliki bassic medis dan hanya seorang ahli komputer dan yang saat ini adalah pemain bisnis internasional teknologi komputer,Opini dan Diskusi
Udah 5 tahun aja bareng team ini.. udah lebih dari bosen udah kaya kantor sendiri jadi seenaknya aja sekarang....,Experiment
Hari rabu tanggal 29 januari besok saya mewakili Kang @agipurwa akan menghadiri Seminar LIFE G-4.0 di Unpas. Kita akan diskusi terkait government digital transformation,Mentoring
Kalo mau coba buat workshop atau sekedar sharing basic CodeIgniter di sekitaran Tangerang ada yang minat join gak ya?,Komunitas
Data Mining/Statistics could be One Shot Project and Done,Update Dunia Teknologi
Ide utama practical Machine Learning itu bukan soal udah dapat hasil akhir dari dataset yang ada tapi ketika data baru masuk dan bertambah apakah resultnya berubah tidak akurat? Kalau jadi tidak akurat maka bikin algoritma gimana melatih biar jadi akurat lagi..,Share Knowledge
Mendesign Data Visualization yang informatif dan decisif,Experiment
Sy coba cek harga per hari setiap layanan ML/AI di beberapa cloud besar. Paling sederhana saja gak akan kurang dari 10 dollar per hari. perusahaan yang aware DS paling minim akan invest 30 dollar per hari. ,Experiment
"Be a ""Customer Oriented"" Developer ..
Kita bahagia liat user bahagia dan bayar dengan ikhlas,Experiment"
"Menguasai Data Science tadinya saya pikir hanya butuh resource ""Waktu"" ""Uang"" ""Pikiran"". Itu benar waktu proses belajarnya. Kalau di real case butuh tambahan Wewenang,Experiment"
skill nge-config routing vpn dan firewall mikrotik sy ternyata masih oke,Experiment
"Ada banyak tool Data Visualization....
ada banyak admin-template yang keren...
namun pemanfaataan Data Analitics bukan (hanya) soal keren tapi
praktis + informatif bagi end-user,Share Knowledge"
Petani dan Software Engineer memiliki kesamaan dalam hal 'menanam'. Ada yg memilih Tanaman berumur pendek ada yang panjang,Opini dan Diskusi
iseng bikin fitur customer bisa klik link dan ngecek stock 10 produk yang paling sering dia beli di cabang/store tempat dia biasa belanja,Experiment
"Fitur sederhana ""most recent search"" seperti ini sebenarnya biasa aja membantu user yang malas ngetik pencarian..,Experiment"
Sebenarnya bacaan ML banyak yang dibahas mirip2 tapi kadang ada artikel yang terlalu ruwet dipahami yang ini (menurut saya) tergolong mudah dipahami karena ada usecasenya.,Share Knowledge
"My Dataset Collection for Data Analytics Playground...
belajar Data Analytics itu paling efektif pake data beneran..,Experiment"
Thx bang Padlian Chairi Bin Ilyas utk kirimannya. Doa saya sukses dan bahagia selalu...,Attitude
JANGAN harap karyawan rela LOYAL untukmu. Sebab mrk hanya LOYAL Pada mimpinya Yg mrk YAKIN akan terwujud melalui perusahaanmu.,Attitude
"Insya Allah besok Pondok IT di undang ke medan...
Siapa nih tmn2 di medan  siapa tahu bs silaturahmi...,Attitude"
Buat Teman2 Pengen dibantu penjual Buku IT/ Bisnisnya/Pendidikan/Agama oleh Pondok Marketer,Promosi
"Amal Jariyah Buat Kakak Asuh Pondok IT.....
Alhamdulillah senang bentul melihat santri Pondok IT tiap magrib + subuh mendalami Al Quran....,Attitude"
Testimonial Dari Kedutaan Inggris Untuk Pondok IT....,Portfolio
Memang alat ukur niat dan ketulusan itu tidak ada... tapi akan terlihat apakah Istiqomah dalam berperan dan daya tahan godaan,Attitude
"BERANGKAT KERJA ALA PROGRAMMER...
Sebaiknya spt ini sama org tua... agar gak dianggap main game/penggaguran....
Alhamdulillah Beruntung jadi Programmer bisa kerja dari Rumah,Attitude"
"Learn Practise and Write it down.
Biar jadi buku dan dibaca banyak orang.
minat?,Portfolio"
"Lanjut Belajar #SVELTE nya?
Kali kita kita bahas tentang fungsi menyimpan data ke server.,Share Knowledge"
Kenapa belajar javascript? terus belajar vue react svelte dan nodejs? #simple karena satu bahasa saja #ternyata,Experiment
"WE'RE HIRING!
If good-quality products starts from good-quality people,Promosi"
Apa sih kesulitan teman teman sewaktu pertama kali melamar pekerjaan di perusahaan?,Opini dan Diskusi
Dikerjain sama fetch method post,Experiment
Lagi Nyiapin Mindmap buat Buku Perdana di April Tahun ini. Lumayan menantang,Portfolio
"Update Belajar SVELTE
Cara integrasi API Server dengan SVELTE
Selamat Belajar!,Share Knowledge"
Segala kebahagiaan ada dalam doa,Attitude
Ketika aku bangun di pagi hari pikirkan betapa istimewanya hidup bersyukur berkerja berdoa bernafas berpikir menikmati mencintai,Attitude
Ada Event Odoo Di Surabaya ayo gabung,Komunitas
Misalnya berkas kertas ini diubah jadi file digital dan memiliki meta data pasti akan mudah untuk temu kembali data informasi dengan cepat tanpa bongkar bongkar kertas lagi,Opini dan Diskusi
"Sukses itu banyak proses 
Bukan banyak protes,Opini dan Diskusi"
"Debian for fun and for work
Debian untuk bersenang senang dan bekerja,Share Knowledge"
AAPanel  alternatif Cpanel  control panel untuk web server ,Update Dunia Teknologi
Yooo lanjut episode 2 bicara hook ,Share Knowledge
GraphQL Workshop at DevC Bali,Komunitas
"Bacaan menarik di weekend kemaren
Regexp dalam NLP.,Update Dunia Teknologi"
"harga domain *.id naik lagi. makin males pakai *.id
bukan gak nasionalis sih dulu kan alasannya nasionalis dan terjangkau.,Opini dan Diskusi"
"[SERIAL BARU] Aplikasi Ekspedisi Pengiriman atau Logistik.
Serial ini merupakan seri dengan case terpusat dimana kita akan belajar beberapa framework ,Share Knowledge"
Seri lanjutan dalam Mengenal Widget Flutter dimana telah memasuki seri ke-8 yang membahas Bagaimana membuat Carousel atau Slideshow di Flutter.,Share Knowledge
Memulai menjadi seorang programmer adalah dengan memulai belajar salah satu bahasa pemrograman yang ada. Ada beragam dan banyak tutorial atau panduan ,Experiment
Belajar membuat aplikasi chatting secara realtime dengan Laravel 6 & Vue.js.,Share Knowledge
Materi Laravel di Daeng Web udah ada 3 studi case. Ya udahlah move on dulu ke Flutter paling balik ke Laravel bahas materi sekali tamat.,Share Knowledge
Test Web Server Nginx,Experiment
Belajar CRUD Basic di PHP dan MySQLi,Share Knowledge
Programmer adalah seseorang yang mempermudah pekerjaan orang lain dengan cara mempersulit diri sendiri,Opini dan Diskusi
"#SALE Aplikasi Toko Online Codeigniter
mungkin minat aplikasi toko online/ online shop/ ecommerce dibangun dengan Codeigniter 3.x.x fitur sudah lengkap,Portfolio"
"SIM RUMAH SAKIT
Pendaftaran online melalui android support dengan eclaim vclaim dan bridging BPJS,Portfolio"
Halo.. Selamat siang. Saya dari PT. INFINI OASE TEKNOLOGI sedang membutuhkan frontend atau fullstack web developer.,Promosi
Jual Aplikasi CMS Hotel + Booking System.,Promosi
"Sistem informasi E-Klaim Perjalanan Dinas
Framework codeigniter
PHP 7
Bootstrap 4,Portfolio"
Website Marketplace dengan Codeigniter 3,Portfolio
Dibuka Online Bootcamp (NodeJS & VueJS). FREE. Syarat dan ketentua,Promosi
URGENT NEEDED IT STAFF ACCOUNTING ,Promosi
Full source code APP Pantau Kampanye Pilkada menggunakan CI,Portfolio
Ponorogo Developer Conference 2016,Komunitas
"Tahun 2013 Mengawali terbentuknya rasa percaya diri ketika pertama kali bertemu dengan ""Hero2"" Idola di industri ini,Attitude"
Alhamdulillah acara meetup perdana PHP Indonesia Dashboard Ponorogo berjalan lancar,Komunitas
"Sebagai salah hasil dari hasil Program Kerja National Meetup 2018 di Lembang tahun lalu PHPID Community akan menggelar event ter-akbar dan ter-keren yaitu ""SME SUMMIT 2019"",Komunitas"
Bertahun-tahun menggunakan visual studio dari versi ke versi untuk pengembangan desktop app namun baru kali ini visual studio 2019 sangat berguna buat ngoding web app memang microsoft membuat lompatan jauh dan revolusioner sejak TSScript diciptakan untuk ngoding front end javascript khususnya angular,Experiment
"Perlu saran Aplikasi untuk project management?
Selama ini masih bertahan di Trello,Opini dan Diskusi"
Google kyknya lagi sidak deh... Semua aplikasi saya di playstore direview ulang ada beberapa aplikasi yg kena warning hha,Experiment
Pekerjaan yang menuntut untuk berpikir dan duduk (programmer) seharian cukup membuat daya tahan tubuh menurun dan mudah terserang flu maka pola hidup sehat terutama olahraga harus mulai digalakkan,Share Knowledge
Hebat instruktur Microsoft yang satu ini menjelaskan konsep kubernetes,Update Dunia Teknologi
pengembangan webapp menggunakan Angular by DevExtreme,Update Dunia Teknologi
"Berdasarkan riset Kelly Services bertajuk ""Indonesia 2019 Salary Guide"" ada empat lowongan kerja yang paling banyak dibutuhkan di bidang IT,Share Knowledge"
Dev XAML pasti sering berurusan dengan Margin dan Padding,Experiment
Masih Experiment dengan Unity dan Sebangsanya,Experiment
Ada yang suka membaca buku Self Improvement bagi yg suka pasti tau metoda LOA ini sangat membantu fokus khususnya bagi developer dalam pengembangan proyek dan development apps untuk mencapai target dan goal,Share Knowledge
Sekarang Developer Zaman Now hampir bahkan sudah sangat dimudahkan dalam pengembangan aplikasi,Share Knowledge
"Yuk dicoba...
App games simple yg dahulu kala pernah ngetrend dan viral...,Portfolio"
Selain *.APK android juga mempunyai App Bundle extension *.AAB,Share Knowledge
Bagi Pemula yang ingin Memahami Konsep MVVM dan membangun Mobile Cross Platform menggunakan Xamarin Forms ini refrensi yang bagus,Share Knowledge
"Masih Dalam Rangka Menulis Pengalaman di Dunia App Development
Semoga Masih Diberi Energi untuk Menulis,Share Knowledge"
Lagi Explor Untuk Project App Game Menggunakan Unity,Experiment
Testing Mode Dark (Fitur baru yang sedang kami develop untuk Android IOS dan UWP),Experiment
Lumen sedikit berbeda dengan Laravel namun tidak banyak berbeda di fungsi dasar.,Experiment
Sebelum semuanya fix dan di push ke branch master tiap pagi saya pastikan fitur fitur berjalan di branch saya ini berguna untuk meminimalisir conflict dan agar lebih rapi di history push eventnya,Experiment
bagaimana menurut teman-teman developer? waow... para mentorship akan banyak job nih,Opini dan Diskusi
Ada tantangan tersendiri menjadi Developer dan Project Manager.. Setiap Pagi Cek and balance memadukan tim dan membagi tugas tugas baru untuk fitur fitur baru disetiap produknya...,Share Knowledge
Sudah 3 tahun menggunakan xamarin sebagai the first framework pengembangan mobile app,Experiment
Hari ini kebagian jadi instructor training ke anak2 mahasiswa,Mentoring
"JAVASCRIPT ASYNC
Total ada 18 video yang membahas tentang JavaScript Async.,Share Knowledge"
Laravel 6 From Scratch #4: Form Input and Validation,Share Knowledge
"Android Enthusiast Jakarta (AEJ) berkolaborasi dengan Dharma Wacana IT Community dan Lampung JS dalam Micro Workshop yang bertema ""Laravel 6 From Scratch #4: Form Input and Validation"".,Share Knowledge"
Disela-sela kesibukan pekerjaan: ngoding 30-40 jam/minggu tidak banyak yang tahu jika saya selalu menyempatkan diri untuk bisa nyore di kampus,Experiment
Badan Keuangan Daerah Provinsi Lampung membuka lowongan untuk posisi sebagai berikut,Promosi
Dibutuhkan #LaravelDeveloper untuk posisi #Remote dengan persyaratan sebagai berikut:,Promosi